variant,final_reward,best_reward,mean_reward,num_iters
BC_init,1.0738339220333728,1.0738339220333728,1.0738339220333728,50
Scratch,0.8711129426956177,0.8711129426956177,0.8711129426956177,10
